{"cameraMode":{"drawMode":0,"name":"Shaded","section":"Shading Mode"},"sceneLighting":true,"audioPlay":false,"sceneViewState":{"showFog":true,"showMaterialUpdate":false,"showSkybox":true,"showFlares":true,"showImageEffects":true,"showParticleSystems":true,"showVisualEffectGraphs":true,"m_FxEnabled":true},"in2DMode":false,"pivot":{"x":-3.3838448524475099,"y":-1.678011417388916,"z":0.7702922821044922},"rotation":{"x":0.25927504897117617,"y":-0.11844201385974884,"z":0.03203030675649643,"w":0.9579921960830689},"size":13.690013885498047,"orthographic":false}