{"cameraMode":{"drawMode":0,"name":"Shaded","section":"Shading Mode"},"sceneLighting":true,"audioPlay":false,"sceneViewState":{"showFog":true,"showMaterialUpdate":false,"showSkybox":true,"showFlares":true,"showImageEffects":true,"showParticleSystems":true},"in2DMode":false,"pivot":{"x":-8.623434066772461,"y":0.02262115478515625,"z":8.614542007446289},"rotation":{"x":0.10158487409353256,"y":-0.5868688821792603,"z":0.07450031489133835,"w":0.7998400330543518},"size":23.216638565063478,"orthographic":false}